{"engineId":"5275dcea-3741-4aa9-a36c-32db44b70f95","engineName":"WineFlat","rdbmsId":"459dba24-0df1-4cf5-bdbc-9f61095cb3eb","varstore":{},"frames":[{"file":"@BaseFolder@/db/@ENGINE@/version/459dba24-0df1-4cf5-bdbc-9f61095cb3eb/FRAME.gz","meta":"@BaseFolder@/db/@ENGINE@/version/459dba24-0df1-4cf5-bdbc-9f61095cb3eb/METADATA__FRAME.owl","state":null,"type":"prerna.ds.rdbms.h2.H2Frame","name":"FRAME","keys":["$CUR_FRAME_KEY","FRAME"]}],"panels":[{"panelId":"0","panelLabel":null,"view":"visualization","viewOptions":null,"viewOptionsMap":{},"config":{},"ornaments":{},"events":{},"comments":{},"position":{},"filters":[],"order":[],"cbv":[]}],"tasks":{"tasks":[{"type":"basic","task":{"taskType":"basic","id":"task1","numCollected":500,"internalOffset":0,"taskOptions":"{\"options\":{\"0\":{\"layout\":\"Grid\",\"alignment\":{\"label\":[\"country\",\"WINEMAGDATA_FIRST150K\",\"province\",\"variety\",\"price\",\"BLANK_HEADER\",\"description\",\"designation\",\"winery\",\"region_1\",\"region_2\",\"points\"]}}},\"ornament\":false}","qs":{"qsType":"FRAME","frameName":"FRAME","isDistinct":true,"overrideImplicit":false,"limit":500,"offset":0,"relations":"[]","selectors":[{"type":"COLUMN","content":{"table":"country","column":"PRIM_KEY_PLACEHOLDER","alias":"country","tableAlias":null}},{"type":"COLUMN","content":{"table":"WINEMAGDATA_FIRST150K","column":"PRIM_KEY_PLACEHOLDER","alias":"WINEMAGDATA_FIRST150K","tableAlias":null}},{"type":"COLUMN","content":{"table":"province","column":"PRIM_KEY_PLACEHOLDER","alias":"province","tableAlias":null}},{"type":"COLUMN","content":{"table":"variety","column":"PRIM_KEY_PLACEHOLDER","alias":"variety","tableAlias":null}},{"type":"COLUMN","content":{"table":"price","column":"PRIM_KEY_PLACEHOLDER","alias":"price","tableAlias":null}},{"type":"COLUMN","content":{"table":"BLANK_HEADER","column":"PRIM_KEY_PLACEHOLDER","alias":"BLANK_HEADER","tableAlias":null}},{"type":"COLUMN","content":{"table":"description","column":"PRIM_KEY_PLACEHOLDER","alias":"description","tableAlias":null}},{"type":"COLUMN","content":{"table":"designation","column":"PRIM_KEY_PLACEHOLDER","alias":"designation","tableAlias":null}},{"type":"COLUMN","content":{"table":"winery","column":"PRIM_KEY_PLACEHOLDER","alias":"winery","tableAlias":null}},{"type":"COLUMN","content":{"table":"region_1","column":"PRIM_KEY_PLACEHOLDER","alias":"region_1","tableAlias":null}},{"type":"COLUMN","content":{"table":"region_2","column":"PRIM_KEY_PLACEHOLDER","alias":"region_2","tableAlias":null}},{"type":"COLUMN","content":{"table":"points","column":"PRIM_KEY_PLACEHOLDER","alias":"points","tableAlias":null}}]}}}],"taskCounter":2},"recipe":["AddPanel ( 0 ) ;","Panel ( 0 ) | SetPanelView ( \"visualization\" ) ;","CreateFrame ( grid ) .as ( [ FRAME ] ) ;","Database ( \"5275dcea-3741-4aa9-a36c-32db44b70f95\" ) | Select ( WINEMAGDATA_FIRST150K__country , WINEMAGDATA_FIRST150K , WINEMAGDATA_FIRST150K__province , WINEMAGDATA_FIRST150K__variety , WINEMAGDATA_FIRST150K__price , WINEMAGDATA_FIRST150K__BLANK_HEADER , WINEMAGDATA_FIRST150K__description , WINEMAGDATA_FIRST150K__designation , WINEMAGDATA_FIRST150K__winery , WINEMAGDATA_FIRST150K__region_1 , WINEMAGDATA_FIRST150K__region_2 , WINEMAGDATA_FIRST150K__points ) | Limit ( 500 ) | Import ( ) ;","Frame ( ) | Select ( country , WINEMAGDATA_FIRST150K , province , variety , price , BLANK_HEADER , description , designation , winery , region_1 , region_2 , points ) | Format ( type = [ 'table' ] ) | TaskOptions ( { \"0\" : { \"layout\" : \"Grid\" , \"alignment\" : { \"label\" : [ \"country\" , \"WINEMAGDATA_FIRST150K\" , \"province\" , \"variety\" , \"price\" , \"BLANK_HEADER\" , \"description\" , \"designation\" , \"winery\" , \"region_1\" , \"region_2\" , \"points\" ] } } } ) | Collect ( 500 ) ;"]}